timestamp,category,channel_id,channel_handle,video_id,video_title,published_at,is_short,view_count,like_count,comment_count,subscriber_count
2025-06-20 14:38,Entertainment,UCUj6rrhMTR9pipbAWBAMvUQ,@ChimChakMan_Official,'-Ip9NbumN4w,통천 & 곽범의 김치 크로켓 쿡방,2025-06-19T10:00:00Z,False,197899,2963,459,2830000
2025-06-20 14:38,Entertainment,UCUj6rrhMTR9pipbAWBAMvUQ,@ChimChakMan_Official,WHTV62tZ1y8,단군단군 댄스,2025-06-19T08:00:38Z,True,346126,5949,244,2830000
2025-06-20 14:38,Entertainment,UCUj6rrhMTR9pipbAWBAMvUQ,@ChimChakMan_Official,K8C-5lqcN7g,'진격의 거인 1기(Attack on Titan)' 감상회,2025-06-18T10:00:25Z,False,830832,12610,1819,2830000
2025-06-20 14:38,Entertainment,UCUj6rrhMTR9pipbAWBAMvUQ,@ChimChakMan_Official,690hJ3aJutQ,입체기동장치,2025-06-18T08:00:05Z,True,820957,12738,625,2830000
2025-06-20 14:38,Entertainment,UCUj6rrhMTR9pipbAWBAMvUQ,@ChimChakMan_Official,bgteiw44W0w,시청자 인생 최대 실수 뽑아보기,2025-06-17T10:01:02Z,False,644618,7836,472,2830000
2025-06-20 14:38,Entertainment,UCUj6rrhMTR9pipbAWBAMvUQ,@ChimChakMan_Official,X-YGrCKRLzg,완벽한 메이크업,2025-06-17T08:00:29Z,True,3487979,39776,724,2830000
2025-06-20 14:38,Entertainment,UCUj6rrhMTR9pipbAWBAMvUQ,@ChimChakMan_Official,XiMbHZBQCNA,크리미파마산 버거 먹으며 포켓 대회 후기,2025-06-16T10:01:01Z,False,195925,2409,214,2830000
2025-06-20 14:38,Entertainment,UCUj6rrhMTR9pipbAWBAMvUQ,@ChimChakMan_Official,ZY4HipTN8y0,고기 바이올린 꿀팁,2025-06-16T08:00:36Z,True,698163,8752,222,2830000
2025-06-20 14:38,Entertainment,UCUj6rrhMTR9pipbAWBAMvUQ,@ChimChakMan_Official,7z_f38WJWkc,천산갑(Pangolin)에 대해 알아보자,2025-06-15T10:00:20Z,False,346259,3876,433,2830000
2025-06-20 14:38,Entertainment,UCUj6rrhMTR9pipbAWBAMvUQ,@ChimChakMan_Official,Xn55Kemo1Mk,노인공격,2025-06-15T08:00:42Z,True,697034,8903,195,2830000
2025-06-20 14:38,Entertainment,UCoC-ZGuPCvJJrbcz9eMW8zw,@GABEEGIRL,HNcjoU41qJ0,Queen Gabee ON THE RECORD ㅣ퀸가비 새로운 시리즈 시작!,2025-06-19T15:00:35Z,True,76905,3675,252,919000
2025-06-20 14:38,Entertainment,UCoC-ZGuPCvJJrbcz9eMW8zw,@GABEEGIRL,hyJhjUJ0luk,리얼가이즈도 팬 있다 (진실),2025-06-14T03:01:01Z,False,764467,17653,253,919000
2025-06-20 14:38,Entertainment,UCoC-ZGuPCvJJrbcz9eMW8zw,@GABEEGIRL,cvEjdtj3SI0,디바마을 애청자,2025-06-14T03:00:44Z,True,466866,7946,76,919000
2025-06-20 14:38,Entertainment,UCoC-ZGuPCvJJrbcz9eMW8zw,@GABEEGIRL,4B4SdbWnjto,퀸의 남자들,2025-06-14T03:00:04Z,True,650236,8889,83,919000
2025-06-20 14:38,Entertainment,UCoC-ZGuPCvJJrbcz9eMW8zw,@GABEEGIRL,1eOmPk-SsH8,코챌라가 낳은 유행어,2025-06-14T03:00:03Z,True,1492022,29967,222,919000
2025-06-20 14:38,Entertainment,UCoC-ZGuPCvJJrbcz9eMW8zw,@GABEEGIRL,TqCtNNBShec,[SUB] 퀸가비를 밀어낸 새로운 헤드라이너의 등장⁉️ | 디바마을 퀸가비👑 | EP43,2025-06-13T09:23:33Z,False,544346,12036,1324,919000
2025-06-20 14:38,Entertainment,UCoC-ZGuPCvJJrbcz9eMW8zw,@GABEEGIRL,kye-1EcF9D0,알고보니 어장속,2025-06-01T03:01:02Z,True,219452,2975,28,919000
2025-06-20 14:38,Entertainment,UCoC-ZGuPCvJJrbcz9eMW8zw,@GABEEGIRL,_IW_KNNpFYY,현생에서 웃음으로 갚는 중,2025-06-01T03:00:42Z,False,173258,2351,30,919000
2025-06-20 14:38,Entertainment,UCoC-ZGuPCvJJrbcz9eMW8zw,@GABEEGIRL,RWHK2IxNfoQ,빵상 선생님 - 앵콜 금지 요청,2025-06-01T03:00:28Z,True,152809,2505,25,919000
2025-06-20 14:38,Entertainment,UCoC-ZGuPCvJJrbcz9eMW8zw,@GABEEGIRL,yUZrJUCyAoE,우주어 오픈북 테스트,2025-05-31T03:01:13Z,True,138342,2250,34,919000
2025-06-20 14:38,Entertainment,UCu9BCtGIEr73LXZsKmoujKw,@bokyemtv,HEANsu4ZB_0,버튼만 눌러도 돈이나옵니다 받아가세요,2025-06-19T12:22:36Z,True,852836,21745,3756,15900000
2025-06-20 14:38,Entertainment,UCu9BCtGIEr73LXZsKmoujKw,@bokyemtv,zoc0giLGPAw,구독자를 데려오시면 돈을드립니다,2025-06-15T12:19:46Z,True,3368743,47441,4195,15900000
2025-06-20 14:38,Entertainment,UCu9BCtGIEr73LXZsKmoujKw,@bokyemtv,HbHpFThALl0,이런건 태어나서 처음해봅니다,2025-06-14T11:19:26Z,True,923107,24550,31442,15900000
2025-06-20 14:38,Entertainment,UCu9BCtGIEr73LXZsKmoujKw,@bokyemtv,'-Nn12-8DNXo,이 돈 드릴테니가 일본에서 스시 사다주실 수 있나요?,2025-06-08T10:03:11Z,True,5647553,92645,4582,15900000
2025-06-20 14:38,Entertainment,UCu9BCtGIEr73LXZsKmoujKw,@bokyemtv,LpJHYRDT2Zo,통장에있는 돈 다 뽑아왔습니다 구독자분들께 드립니다,2025-06-04T11:34:55Z,True,5580163,119713,12123,15900000
2025-06-20 14:38,Entertainment,UCu9BCtGIEr73LXZsKmoujKw,@bokyemtv,I1CUkyuQMXc,길에서만나면 100만원미슐랭식사 사드립니다,2025-05-31T11:16:12Z,True,5962671,98171,4763,15900000
2025-06-20 14:38,Entertainment,UCu9BCtGIEr73LXZsKmoujKw,@bokyemtv,ZZL2mWnjcuA,길에서 고생하시는 90세 할머니 퇴근시켜드리기,2025-05-29T11:28:54Z,True,1317260,30951,2232,15900000
2025-06-20 14:38,Entertainment,UCu9BCtGIEr73LXZsKmoujKw,@bokyemtv,APtFRlvvpiU,BMW 5대 준비했습니다 받아가세요,2025-05-25T08:19:44Z,True,3423317,65792,14341,15900000
2025-06-20 14:38,Entertainment,UCu9BCtGIEr73LXZsKmoujKw,@bokyemtv,UXab36aBjoE,9억원 독촉연락을 받았습니다,2025-05-22T09:43:21Z,True,2574838,52761,14762,15900000
2025-06-20 14:38,Entertainment,UCu9BCtGIEr73LXZsKmoujKw,@bokyemtv,eJVpMo9EUi0,50만원 vs 랜덤박스 원하는 거 가져가세요,2025-05-18T10:41:13Z,True,4614799,75539,4246,15900000
2025-06-20 14:38,Entertainment,UCyNHdF4hMxHUFSsPbY24p6A,@미미미누,kOBzuILZooE,패알못이 평가하는 무신사 직원 패션,2025-06-19T09:01:10Z,True,42357,344,4,1830000
2025-06-20 14:38,Entertainment,UCyNHdF4hMxHUFSsPbY24p6A,@미미미누,mo9AaY6fieE,저랑 닮았죠?,2025-06-19T06:00:38Z,True,37670,473,11,1830000
2025-06-20 14:38,Entertainment,UCyNHdF4hMxHUFSsPbY24p6A,@미미미누,wYjFV6Wkf2g,"""초6의 미적분 암산 도전?!"" 경기도 최대 도시 수원 학생들의 수학 실력은? | 길거리수학챌린지 14화",2025-06-18T11:01:30Z,False,98505,1444,176,1830000
2025-06-20 14:38,Entertainment,UCyNHdF4hMxHUFSsPbY24p6A,@미미미누,sKT4GNaad4A,본부장님 당황시킨 무신사 신입사원,2025-06-18T09:01:17Z,True,40917,430,14,1830000
2025-06-20 14:38,Entertainment,UCyNHdF4hMxHUFSsPbY24p6A,@미미미누,BlW_E-1pjXU,Tlqkf 공부법,2025-06-18T06:00:08Z,True,143673,2833,36,1830000
2025-06-20 14:38,Entertainment,UCyNHdF4hMxHUFSsPbY24p6A,@미미미누,izXSx8nERjg,식은땀만 줄줄나는 무신사 신입 면접,2025-06-17T09:01:06Z,True,78537,695,42,1830000
2025-06-20 14:38,Entertainment,UCyNHdF4hMxHUFSsPbY24p6A,@미미미누,wt4eeslfNG0,요즘 고등학생 왜 이래요..?,2025-06-17T06:00:49Z,True,62759,725,15,1830000
2025-06-20 14:38,Entertainment,UCyNHdF4hMxHUFSsPbY24p6A,@미미미누,x87OQwE15mg,"""간호대 가서 선수들 치료해 주고 싶어요"" 송파 국어 전문 학원에 가서 공부 허수 있는지 확인하고 왔습니다 | 허수판독기 22화",2025-06-16T11:01:39Z,False,205631,2874,231,1830000
2025-06-20 14:38,Entertainment,UCyNHdF4hMxHUFSsPbY24p6A,@미미미누,WTjlPFGrOUM,국립현대미술관 서울 교육동 체험,2025-06-16T06:00:21Z,False,18924,222,13,1830000
2025-06-20 14:38,Entertainment,UCyNHdF4hMxHUFSsPbY24p6A,@미미미누,KwFtYk8ZFmw,허수팬독기,2025-06-15T06:00:28Z,False,190093,2525,22,1830000
2025-06-20 14:38,Entertainment,UCQ2O-iftmnlfrBuNsUUTofQ,@15ya_egg,P6B4Dn92-Wk,넌 이미 미미의 추천 도서를 읽고 있다 | 🎥라이브 짧게보기,2025-06-18T09:00:27Z,False,72065,1495,135,7040000
2025-06-20 14:38,Entertainment,UCQ2O-iftmnlfrBuNsUUTofQ,@15ya_egg,uhDiWGsAtx0,(금욜예고) 석삼 : 우정아 너.. 내 번호 없니..? | 🧑‍🍳🫧보글보글,2025-06-18T03:00:59Z,True,225822,2217,84,7040000
2025-06-20 14:38,Entertainment,UCQ2O-iftmnlfrBuNsUUTofQ,@15ya_egg,r3ELgzZp50Y,[라이브] 디바제시카님과 납량특집 공포썰 라이브,2025-06-17T13:00:44Z,False,208322,4517,351,7040000
2025-06-20 14:38,Entertainment,UCQ2O-iftmnlfrBuNsUUTofQ,@15ya_egg,Lx-vFimst7c,나랑 보드 타러 가지 않을래,2025-06-17T04:11:30Z,True,103866,602,9,7040000
2025-06-20 14:38,Entertainment,UCQ2O-iftmnlfrBuNsUUTofQ,@15ya_egg,0Afh9AF_8es,이래서 흠뻑쇼가 잘되는구나,2025-06-17T04:10:31Z,True,66841,390,6,7040000
2025-06-20 14:38,Entertainment,UCQ2O-iftmnlfrBuNsUUTofQ,@15ya_egg,DwcwjPOvLt4,소연아 애기야 울지 마라고..?,2025-06-17T04:09:17Z,False,48958,429,0,7040000
2025-06-20 14:38,Entertainment,UCQ2O-iftmnlfrBuNsUUTofQ,@15ya_egg,gdr9ISz1v7o,광란의 회식자리 저도 껴줘요,2025-06-17T03:05:00Z,True,86216,2140,26,7040000
2025-06-20 14:38,Entertainment,UCQ2O-iftmnlfrBuNsUUTofQ,@15ya_egg,O6wQDf5hL3M,#세븐틴 은 사실 본업을 제일 잘해요💕,2025-06-17T03:00:26Z,True,174336,5047,36,7040000
2025-06-20 14:38,Entertainment,UCQ2O-iftmnlfrBuNsUUTofQ,@15ya_egg,blOuSIdq9UQ,[3화 선공개] 감정 잡자!🤫 콘서트 현장감이 살아 있는 세븐틴의 랜덤 플레이 댄스 ㅋㅋ #나나민박with세븐틴 EP.3,2025-06-15T10:01:01Z,False,135928,6158,137,7040000
2025-06-20 14:38,Entertainment,UCQ2O-iftmnlfrBuNsUUTofQ,@15ya_egg,kwjcS1Ocd8I,[9화 예고] 실패하면 마우스 디톡스?! 복수를 꿈꾸는 영석이형의 달콤한 제안🤫 #뿅뿅지구오락실3 EP.9,2025-06-14T05:00:47Z,False,49406,920,66,7040000
2025-06-20 14:38,Gaming,UCw1DsweY9b2AKGjV4kGJP1A,@LCK,OUdXQ0_J1v8,Jungle vs Wild,2025-06-19T05:00:33Z,True,27764,0,26,1550000
2025-06-20 14:38,Gaming,UCw1DsweY9b2AKGjV4kGJP1A,@LCK,Wn2rP-Y8pl0,도파민 파티 | 2025 LCK MSI 대표 선발전 매드무비,2025-06-18T11:00:57Z,False,112848,0,210,1550000
2025-06-20 14:38,Gaming,UCw1DsweY9b2AKGjV4kGJP1A,@LCK,42OhDfyU-A4,LoL 캠퍼스 예고편,2025-06-18T09:00:08Z,False,128381,0,256,1550000
2025-06-20 14:38,Gaming,UCw1DsweY9b2AKGjV4kGJP1A,@LCK,wO9nAZqcgPE,"Vancouver, 내가 있을 곳으로 I'll move on",2025-06-18T03:01:05Z,True,59157,0,37,1550000
2025-06-20 14:38,Gaming,UCw1DsweY9b2AKGjV4kGJP1A,@LCK,z7WoK0KZo-E,진행 방식 설명 | 2025 MSI,2025-06-17T15:01:37Z,False,146854,0,411,1550000
2025-06-20 14:38,Gaming,UCw1DsweY9b2AKGjV4kGJP1A,@LCK,RXqHI9zdS0w,빅오브젝트 헌터,2025-06-17T02:00:24Z,True,82304,0,69,1550000
2025-06-20 14:38,Gaming,UCw1DsweY9b2AKGjV4kGJP1A,@LCK,oq0RYlSgStc,민석이는 롤이 즐겁다,2025-06-15T12:01:22Z,True,314944,0,171,1550000
2025-06-20 14:38,Gaming,UCw1DsweY9b2AKGjV4kGJP1A,@LCK,kya5TX8_Xl4,HLE vs T1 | 최종전 매치 하이라이트 | 06.15 | 2025 LCK MSI 대표 선발전,2025-06-15T09:37:01Z,False,773206,0,1877,1550000
2025-06-20 14:38,Gaming,UCw1DsweY9b2AKGjV4kGJP1A,@LCK,rar7cKp9PNk,HLE vs T1 | 최종전 | 2025 LCK MSI 대표 선발전,2025-06-15T09:31:37Z,False,3616043,0,726,1550000
2025-06-20 14:38,Gaming,UCw1DsweY9b2AKGjV4kGJP1A,@LCK,WlZ_owqqULc,T1 인터뷰 | HLE vs T1 | 06.15 | 2025 LCK MSI 대표 선발전,2025-06-15T09:26:01Z,False,203419,0,506,1550000
2025-06-20 14:38,Gaming,UCiO1cexODt2FSKOi5g0H3sg,@GH.S,AT-Ad7063aE,CANDY🍭 & LIPSTICK💄 - MINECRAFT ANIMATION | EMOTIA,2025-06-17T06:06:15Z,True,104742,899,24,1140000
2025-06-20 14:38,Gaming,UCiO1cexODt2FSKOi5g0H3sg,@GH.S,_kMy_n7uHw4,CRAFT CHALLENGE #2 - MINECRAFT ANIMATION,2025-06-17T05:56:14Z,True,584613,6691,16,1140000
2025-06-20 14:38,Gaming,UCiO1cexODt2FSKOi5g0H3sg,@GH.S,nzDJlkwwN_s,I'M HUNGRY - MINECRAFT ANIMATION | EMOTIA,2025-06-10T07:27:50Z,True,7819727,78416,141,1140000
2025-06-20 14:38,Gaming,UCiO1cexODt2FSKOi5g0H3sg,@GH.S,fufkXgcZwKQ,CAN YOU BREAK IT? - MINECRAFT ANIMATION,2025-06-06T05:09:36Z,True,2052626,14403,16,1140000
2025-06-20 14:38,Gaming,UCiO1cexODt2FSKOi5g0H3sg,@GH.S,JBLxUc4pHBg,CRAFT CHALLENGE #1 - MINECRAFT ANIMATION,2025-06-03T03:13:23Z,True,5330673,41347,75,1140000
2025-06-20 14:38,Gaming,UCiO1cexODt2FSKOi5g0H3sg,@GH.S,8gDvwsxl3PA,MAGIC SHOW - MINECRAFT ANIMATION,2025-05-26T07:02:06Z,True,31678628,175513,150,1140000
2025-06-20 14:38,Gaming,UCiO1cexODt2FSKOi5g0H3sg,@GH.S,C-FkfpTPotA,MAGIC SHOW - ITALIAN BRAINROT ANIMATION | GH'S ANIMATION,2025-05-20T10:28:31Z,True,5588136,68514,45,1140000
2025-06-20 14:38,Gaming,UCiO1cexODt2FSKOi5g0H3sg,@GH.S,rM9-gVbXGVQ,MAGIC SHOW - MINECRAFT ANIMATION,2025-05-14T08:19:58Z,True,8509195,127656,55,1140000
2025-06-20 14:38,Gaming,UCiO1cexODt2FSKOi5g0H3sg,@GH.S,gg2A6frY570,MAGIC SHOW - MINECRAFT ANIMATION,2025-05-11T05:58:42Z,True,7801532,83955,53,1140000
2025-06-20 14:38,Gaming,UCiO1cexODt2FSKOi5g0H3sg,@GH.S,IHORJJEYpuE,MAGIC SHOW - MINECRAFT ANIMATION,2025-05-06T08:22:36Z,True,53075752,550638,435,1140000
2025-06-20 14:38,Gaming,UCl402YYy7RcH7PBI3npmGPQ,@두치와뿌꾸,GJ-QidFe0kQ,다행히 아직 살아있습니다ㅋㅋㅋㅋ 스쿼드의 신ㅋㅋㅋㅋㅋㅋ,2025-06-20T03:00:21Z,False,27950,343,131,868000
2025-06-20 14:38,Gaming,UCl402YYy7RcH7PBI3npmGPQ,@두치와뿌꾸,LymUEaIOZJs,급여 285 오피셜 이적시장 터졌다 빨간불 뭐야;;,2025-06-19T13:00:42Z,False,117015,717,145,868000
2025-06-20 14:38,Gaming,UCl402YYy7RcH7PBI3npmGPQ,@두치와뿌꾸,tWKE6aukEnU,찾아온 7년치 현타,2025-06-19T12:15:07Z,True,97772,494,15,868000
2025-06-20 14:38,Gaming,UCl402YYy7RcH7PBI3npmGPQ,@두치와뿌꾸,lcAUeLQwC7c,프라임 모먼트 호날두 등장 ㄷㄷ,2025-06-19T11:01:17Z,False,181716,1184,196,868000
2025-06-20 14:38,Gaming,UCl402YYy7RcH7PBI3npmGPQ,@두치와뿌꾸,pyAUCcjyzIU,"호날두가 투자한 게임에 ""호날두 양발 메시 약발 3""ㅋㅋㅋㅋ UFL",2025-06-19T10:01:31Z,False,61083,461,184,868000
2025-06-20 14:38,Gaming,UCl402YYy7RcH7PBI3npmGPQ,@두치와뿌꾸,OF_NnpZKpX0,감스트 맨유 스쿼드 등장에 반응이ㅋㅋㅋ,2025-06-19T07:00:18Z,False,116656,982,81,868000
2025-06-20 14:38,Gaming,UCl402YYy7RcH7PBI3npmGPQ,@두치와뿌꾸,l-Rv1hCoM-4,드디어 떴다 쇼케이스 신규 특성 발표!!!!!!!,2025-06-19T03:13:07Z,False,102360,776,353,868000
2025-06-20 14:38,Gaming,UCl402YYy7RcH7PBI3npmGPQ,@두치와뿌꾸,2481bH_d158,대격변,2025-06-18T13:00:05Z,False,104139,679,203,868000
2025-06-20 14:38,Gaming,UCl402YYy7RcH7PBI3npmGPQ,@두치와뿌꾸,Qv5oQ_oUePA,1500조 들고 첼시 스쿼드 맞춥니다 개쩐다 ㄷㄷ,2025-06-18T09:00:42Z,False,104957,674,84,868000
2025-06-20 14:38,Gaming,UCl402YYy7RcH7PBI3npmGPQ,@두치와뿌꾸,Y1XCOkyS81w,본캐 드디어 7호날두 샀습니다!!! 구단가치 서버 2위 등극!,2025-06-18T03:00:43Z,False,213628,1401,172,868000
2025-06-20 14:38,Gaming,UCSzHok6X5qXEO7cjvVnE62g,@pray94,i7LVSyt-TJ0,칼끝 싸움,2025-06-19T12:01:28Z,True,190216,948,36,657000
2025-06-20 14:38,Gaming,UCSzHok6X5qXEO7cjvVnE62g,@pray94,QpubcHDyYhw,"[LOL] 프레이 진 : 솔랭내기? 제가 막겠습니다 (with. 스맵, 저라뎃, 성훈, 나는상윤)",2025-06-19T10:00:44Z,False,34502,233,27,657000
2025-06-20 14:38,Gaming,UCSzHok6X5qXEO7cjvVnE62g,@pray94,XAWE0u-tqeE,[LOL] 프레이 시비르 : 키링 하나 뽑았습니다,2025-06-19T08:00:28Z,False,21717,179,19,657000
2025-06-20 14:38,Gaming,UCSzHok6X5qXEO7cjvVnE62g,@pray94,aB1JXlrk4mo,또 나만 진심이지?,2025-06-18T12:00:00Z,True,121804,931,40,657000
2025-06-20 14:38,Gaming,UCSzHok6X5qXEO7cjvVnE62g,@pray94,4uwZmIqVhgU,[LOL] 프레이 자야 : 깃털로 돌 깨기,2025-06-18T10:00:15Z,False,23116,154,14,657000
2025-06-20 14:38,Gaming,UCSzHok6X5qXEO7cjvVnE62g,@pray94,e_XHhwCi7sI,[LOL] 프레이 제리 : 궁 대미지가 이상해요,2025-06-18T08:00:46Z,False,50645,282,52,657000
2025-06-20 14:38,Gaming,UCSzHok6X5qXEO7cjvVnE62g,@pray94,ceRRhNc6Y_Q,프로젝트 루시안 크로마 리뷰,2025-06-17T12:01:00Z,False,83058,535,18,657000
2025-06-20 14:38,Gaming,UCSzHok6X5qXEO7cjvVnE62g,@pray94,0q7DI0ibh_w,[LOL] 프레이 베인 : 넌 이거 안 나오잖아 갈!,2025-06-17T10:00:02Z,False,45230,297,47,657000
2025-06-20 14:38,Gaming,UCSzHok6X5qXEO7cjvVnE62g,@pray94,HNUwWj6nhwY,[LOL] 프레이 카이사 : 제가 한번 해보겠습니다,2025-06-17T08:00:27Z,False,61613,387,66,657000
2025-06-20 14:38,Gaming,UCSzHok6X5qXEO7cjvVnE62g,@pray94,eyIZc6u86LM,정령용 애쉬 크로마 리뷰,2025-06-16T12:01:09Z,False,123428,616,32,657000
2025-06-20 14:38,Gaming,UCN5oT4zGJX-_H6pE5isAEeg,@군림보,AMdPxXmhhig,대만 TSMC가 잘나가는 이유,2025-06-20T03:00:19Z,True,16372,320,80,1460000
2025-06-20 14:38,Gaming,UCN5oT4zGJX-_H6pE5isAEeg,@군림보,'-MbsdsYZaNA,600년째 서울에서 사용중인 다리,2025-06-19T22:00:01Z,True,31116,777,24,1460000
2025-06-20 14:38,Gaming,UCN5oT4zGJX-_H6pE5isAEeg,@군림보,kRFm1uSyo-A,자식 이름 이상하게 짓는 이유,2025-06-19T12:01:23Z,True,426526,7875,463,1460000
2025-06-20 14:38,Gaming,UCN5oT4zGJX-_H6pE5isAEeg,@군림보,akPpVnWu7nI,핵쟁이도 순삭하는 배그 국민총,2025-06-19T09:00:02Z,False,69982,1123,94,1460000
2025-06-20 14:38,Gaming,UCN5oT4zGJX-_H6pE5isAEeg,@군림보,xYfdOUbKVSc,일본 유명 여배우 코인 먹튀 논란,2025-06-19T08:01:05Z,True,402815,5351,391,1460000
2025-06-20 14:38,Gaming,UCN5oT4zGJX-_H6pE5isAEeg,@군림보,sUAHSo7kYbA,수리업 마진률 높다고 폭로한 사람,2025-06-19T03:01:04Z,True,279679,4761,710,1460000
2025-06-20 14:38,Gaming,UCN5oT4zGJX-_H6pE5isAEeg,@군림보,UOfnH7cSmAQ,케이크 하나에 600만원,2025-06-18T22:00:37Z,True,205369,4590,413,1460000
2025-06-20 14:38,Gaming,UCN5oT4zGJX-_H6pE5isAEeg,@군림보,acJNVflvOxI,최근 좌초됐던 북한 구축함 근황,2025-06-18T12:00:03Z,True,295966,4530,365,1460000
2025-06-20 14:38,Gaming,UCN5oT4zGJX-_H6pE5isAEeg,@군림보,j4DAFKgdhmg,서해가 중국한테 넘어가지 않은 이유,2025-06-18T08:00:49Z,True,411383,8201,1486,1460000
2025-06-20 14:38,Gaming,UCN5oT4zGJX-_H6pE5isAEeg,@군림보,nSCUwmd4dWI,절대 용서할 수 없는 라면은?,2025-06-18T03:00:51Z,True,259590,5179,871,1460000
2025-06-20 14:38,Science,UCj-MI9DaXgAz412O9ybQ9WA,@이과형,dg7bUP9Xipw,"금메달 싹쓸이, 괴물 수영복은 어떻게 작동할까?",2025-06-17T00:32:45Z,False,2717,58,14,615000
2025-06-20 14:38,Science,UCj-MI9DaXgAz412O9ybQ9WA,@이과형,'-tFSFl7DWQ8,18개월 만에 130개 세계 신기록... 결국 금지된 괴물 수영복의 비밀!,2025-06-15T11:57:41Z,False,34207,614,101,615000
2025-06-20 14:38,Science,UCj-MI9DaXgAz412O9ybQ9WA,@이과형,M8-NoNs0Qvg,100년 전엔 방사능이 건강식품이었다고?,2025-06-09T09:49:02Z,False,64533,1458,64,615000
2025-06-20 14:38,Science,UCj-MI9DaXgAz412O9ybQ9WA,@이과형,7Ma9RodiBrI,"이 금속, 지옥불에서도 안 녹습니다. 단 6개국만 가능한 기술!",2025-05-31T01:00:48Z,True,2299749,22854,1068,615000
2025-06-20 14:38,Science,UCj-MI9DaXgAz412O9ybQ9WA,@이과형,TN6WgOR-R-Q,"""남자도... 젖이 나왔다?!"" 남자에게 젖꼭지가 있는 이유.",2025-05-28T11:39:01Z,True,89834,1006,81,615000
2025-06-20 14:38,Science,UCj-MI9DaXgAz412O9ybQ9WA,@이과형,X2NdiuXRdoM,이 식물을 마주치면 재빨리 튀어야 합니다!,2025-05-25T02:48:27Z,True,191231,1855,138,615000
2025-06-20 14:38,Science,UCj-MI9DaXgAz412O9ybQ9WA,@이과형,2RudjJaBeco,타이어는 왜 모두 검을까? 의외의 이유!!,2025-05-23T11:39:19Z,True,189831,1898,107,615000
2025-06-20 14:38,Science,UCj-MI9DaXgAz412O9ybQ9WA,@이과형,i7ms1N_33AM,헐리우드는 지금 죽은자의 지방을 맞는다?!,2025-05-21T11:16:49Z,True,43801,568,56,615000
2025-06-20 14:38,Science,UCj-MI9DaXgAz412O9ybQ9WA,@이과형,aTa1iaNfW9U,90년 동안 아무도 완전히 설명하지 못한 금속관!,2025-05-19T11:57:57Z,True,390369,4531,234,615000
2025-06-20 14:38,Science,UCj-MI9DaXgAz412O9ybQ9WA,@이과형,QQa5TBMlHow,"90년 동안 아무도 완전히 설명하지 못한 금속관, ""전기도, 부품도 없이… 뜨거운 바람과 차가운 바람을 나눈다?""",2025-05-12T10:33:17Z,False,419592,5791,498,615000
2025-06-20 14:38,Science,UCwajXTjsIZsXrZkfVk_uY9w,@scoopknowledge,fiEGm-U0RIs,UNIQUE PLANTS QUIZ FOR STUDENTS,2020-08-20T16:39:25Z,False,267,11,0,26
2025-06-20 14:38,Science,UCwajXTjsIZsXrZkfVk_uY9w,@scoopknowledge,jKlZgzG-XDM,10 Amazing and interesting animal facts.,2020-08-01T15:14:57Z,False,71,4,0,26
2025-06-20 14:38,Science,UCwajXTjsIZsXrZkfVk_uY9w,@scoopknowledge,L2Rdz01c28c,Guess the words?,2020-07-22T12:07:52Z,False,63,4,0,26
2025-06-20 14:38,Science,UCwajXTjsIZsXrZkfVk_uY9w,@scoopknowledge,KdsluhPJYb0,Colours for Kindergarten,2020-07-18T13:28:37Z,False,108,8,0,26
2025-06-20 14:38,Science,UCSLrpBAzr-ROVGHQ5EmxnUg,@codingapple,LtvPRQuw81Y,한국에만 있는 이상한 비밀번호 관리법,2025-06-18T03:00:32Z,False,115614,2736,570,374000
2025-06-20 14:38,Science,UCSLrpBAzr-ROVGHQ5EmxnUg,@codingapple,FG1h4ik53eg,링크 하나로 진짜 개인정보를 '털' 수 있을까,2025-06-11T02:54:50Z,False,107790,2656,551,374000
2025-06-20 14:38,Science,UCSLrpBAzr-ROVGHQ5EmxnUg,@codingapple,0wYzv_TDSfk,스피드런 주작을 검거한 개발자들,2025-06-06T04:50:37Z,True,171405,1659,61,374000
2025-06-20 14:38,Science,UCSLrpBAzr-ROVGHQ5EmxnUg,@codingapple,1KxfpvF5kBo,도로롱 복제 AI,2025-06-03T03:19:36Z,True,231459,6499,114,374000
2025-06-20 14:38,Science,UCSLrpBAzr-ROVGHQ5EmxnUg,@codingapple,6kug2Lmlbiw,구글의 외계인 고문결과 발표회,2025-05-28T03:00:07Z,False,202259,4773,383,374000
2025-06-20 14:38,Science,UCSLrpBAzr-ROVGHQ5EmxnUg,@codingapple,IYAHieM4iZE,옛날 게임들이 최적화가 지리는 이유,2025-05-21T03:00:19Z,False,273324,5958,922,374000
2025-06-20 14:38,Science,UCSLrpBAzr-ROVGHQ5EmxnUg,@codingapple,udDmL5UkI5s,아무도 안쓰는 그래픽카드 개꿀기능,2025-05-16T03:07:50Z,True,513401,9210,439,374000
2025-06-20 14:38,Science,UCSLrpBAzr-ROVGHQ5EmxnUg,@codingapple,r7kU1OoUEQg,GPT 해킹하기,2025-05-12T03:15:06Z,True,328791,4009,87,374000
2025-06-20 14:38,Science,UCSLrpBAzr-ROVGHQ5EmxnUg,@codingapple,qiVMK3luOV8,영화 제목 안알려주는 유튜브들 vs AI,2025-05-07T02:49:13Z,False,100938,2395,262,374000
2025-06-20 14:38,Science,UCSLrpBAzr-ROVGHQ5EmxnUg,@codingapple,4Xze-DEGN7c,전국민 유심 수강신청 사태 (SKT 해킹),2025-04-30T01:42:05Z,False,203986,5229,633,374000
2025-06-20 14:38,Science,UCiFYUP4_TI70yCkkVJAlxoA,@ebs.science - 사이언스,3vq3pMAJvhs,"미래의 세상, 어떻게 될까? 🤠창발장: 모두 창발하세요~ #취미는과학 #세상 #물리학 #데프콘 #박권",2025-06-19T00:17:51Z,False,13799,34,2,1140000
2025-06-20 14:38,Science,UCiFYUP4_TI70yCkkVJAlxoA,@ebs.science - 사이언스,xHWLRXYRi6M,세상이 불공평하다면? 환경을 바꿔보세요! (신기한 생물학 실험 있음)  #취미는과학 #세상 #물리학 #데프콘 #박권,2025-06-19T00:16:46Z,False,34345,352,34,1140000
2025-06-20 14:38,Science,UCiFYUP4_TI70yCkkVJAlxoA,@ebs.science - 사이언스,xI2zhvGgUDo,화학자 홍제가 느꼈던 세상의 불공평함🤣 (feat. 차은우) #취미는과학 #세상 #물리학 #데프콘 #박권,2025-06-19T00:15:33Z,True,23406,140,6,1140000
2025-06-20 14:38,Science,UCiFYUP4_TI70yCkkVJAlxoA,@ebs.science - 사이언스,sZecNXS0C9A,복잡한 세상살이! 인류는 운이 좋은 거라고? #취미는과학 #세상 #물리학 #데프콘 #박권,2025-06-19T00:14:57Z,False,29216,275,34,1140000
2025-06-20 14:38,Science,UCiFYUP4_TI70yCkkVJAlxoA,@ebs.science - 사이언스,DJ4IPF9U2fE,"당신이 피곤한 이유, 알고 보니 물리법칙 때문?! #취미는과학 #세상 #물리학 #데프콘 #박권",2025-06-19T00:14:55Z,False,29718,318,13,1140000
2025-06-20 14:38,Science,UCiFYUP4_TI70yCkkVJAlxoA,@ebs.science - 사이언스,mpMnw56isoU,종이와 다를 바 없는 베네수엘라 돈의 가치 | 남미 제일의 석유 부자 나라에서 어쩌다? 베네수엘라 경제가 파탄난 이유 | 다큐프라임,2025-06-18T11:01:18Z,False,4971,106,58,1140000
2025-06-20 14:38,Science,UCiFYUP4_TI70yCkkVJAlxoA,@ebs.science - 사이언스,2SzYbuyemiw,자랑스런 한국인 🇰🇷 바이러스에서 세계를 구한 1세대 과학자 | 감염병 연구의 개척자 '이호왕' | 한탄바이러스 | 지식채널e,2025-06-17T11:00:09Z,False,2510,80,7,1140000
2025-06-20 14:38,Science,UCiFYUP4_TI70yCkkVJAlxoA,@ebs.science - 사이언스,ALEeNiJ8qjM,건강체질이었는데 왜 이렇게 피곤할까? 자도 자도 풀리지 않는 만성피로 | 만성피로 극복하는 생활습관 | 귀하신몸,2025-06-15T10:13:34Z,False,15856,242,20,1140000
2025-06-20 14:38,Science,UCiFYUP4_TI70yCkkVJAlxoA,@ebs.science - 사이언스,Y82pubtIKkY,세상은 왜 이 모양일까? 과학으로 풀어드립니다 (feat. 박권 물리학자) [취미는 과학/ 37화 확장판],2025-06-14T09:00:44Z,False,193349,3625,411,1140000
2025-06-20 14:38,Science,UCiFYUP4_TI70yCkkVJAlxoA,@ebs.science - 사이언스,LFjCG3Et2bY,궤도가 쉽게 알려주는 과학 이야기 🧬 유전에 관한 오해와 진실 | 부모의 유전자를 얼마나 물려받을까 | 멘델 | 유전학 | 나의 두번째 교과서,2025-06-13T10:11:25Z,False,9678,171,13,1140000
2025-06-20 14:38,Science,UCZdBJIbJz0P9xyFipgOj1fA,@YTNSC,uMm1LkHjP0o,"상위 1%에 도전! 차세대 에너지 핵심 기술, 100년 역사 뒤집다! | 브라보 K-사이언티스트 [반복재생]/YTN 사이언스",2025-06-20T02:25:24Z,True,30,1,0,795000
2025-06-20 14:38,Science,UCZdBJIbJz0P9xyFipgOj1fA,@YTNSC,c_VFaQj6BwU,세계가 주목한 'K-빗자루'부터 '슈퍼 콘크리트'까지! 역대급 '노하우'로 탄생한 기술들 | 최강기업 [반복재생]/YTN 사이언스,2025-06-20T02:25:50Z,True,36,2,0,795000
2025-06-20 14:38,Science,UCZdBJIbJz0P9xyFipgOj1fA,@YTNSC,D1YnALU7peM,"상위 1%에 도전! 차세대 에너지 핵심 기술, 100년 역사 뒤집다! | 브라보 K-사이언티스트 [반복재생]/YTN 사이언스",2025-06-12T00:24:29Z,False,897,24,0,795000
2025-06-20 14:38,Science,UCZdBJIbJz0P9xyFipgOj1fA,@YTNSC,5WGSdnO9TIg,세계가 주목한 'K-빗자루'부터 '슈퍼 콘크리트'까지! 역대급 '노하우'로 탄생한 기술들 | 최강기업 [반복재생]/YTN 사이언스,2025-06-12T00:22:05Z,False,1106,26,0,795000
2025-06-20 14:38,Science,UCZdBJIbJz0P9xyFipgOj1fA,@YTNSC,SR8yFVoErDo,난 떨리지 않아! 로봇 동물과 함께 라면 #shorts,2025-06-20T05:00:29Z,True,678,3,0,795000
2025-06-20 14:38,Science,UCZdBJIbJz0P9xyFipgOj1fA,@YTNSC,_0qsBHfnyN4,세계가 주목한 'K-빗자루'부터 '슈퍼 콘크리트'까지! 역대급 '노하우'로 탄생한 기술들 | 최강기업 [반복재생]/YTN 사이언스,2025-06-20T02:35:15Z,False,1607,13,0,795000
2025-06-20 14:38,Science,UCZdBJIbJz0P9xyFipgOj1fA,@YTNSC,t0E4jZZDmts,"상위 1%에 도전! 차세대 에너지 핵심 기술, 100년 역사 뒤집다! | 브라보 K-사이언티스트 [반복재생]/YTN 사이언스",2025-06-20T02:31:50Z,False,1781,43,1,795000
2025-06-20 14:38,Science,UCZdBJIbJz0P9xyFipgOj1fA,@YTNSC,G2x9sLikJEU,"""자르고 구부려도 완벽 작동!"" 극한 환경에서도 '폭발 없는' 안전한 K-배터리 등장 | 브라보 K-사이언티스트 [반복재생]/YTN 사이언스",2025-06-19T23:37:38Z,False,4553,49,1,795000
2025-06-20 14:38,Science,UCZdBJIbJz0P9xyFipgOj1fA,@YTNSC,daLQ-XKCTPs,"한강을 차지하고 백제왕을 쓰러뜨린 신라의 '비밀 병기', 숨겨진 전략? | 한국사탐 [반복재생]/YTN 사이언스",2025-06-19T23:35:02Z,False,1823,13,0,795000
2025-06-20 14:38,Science,UCZdBJIbJz0P9xyFipgOj1fA,@YTNSC,zP3EW71Kfn4,"정부, AI 개발 지원 속도…한국 AI 기술의 현주소는? (이상훈 / 한국방송통신전파진흥원장)｜TODAY인",2025-06-19T10:01:44Z,False,774,6,1,795000
2025-06-20 14:38,Pet,UCuKbAWuSG9F_UEF2Xngbq0A,@miso_ara,34Bwg7z4xbI,매력터지는 미소아라 순간모음,2025-06-15T04:30:02Z,True,115250,1944,41,4440000
2025-06-20 14:38,Pet,UCuKbAWuSG9F_UEF2Xngbq0A,@miso_ara,pIxrqmtpgOg,강아지 두뇌대결 챌린지🐤,2025-06-10T13:11:16Z,True,45112,1526,59,4440000
2025-06-20 14:38,Pet,UCuKbAWuSG9F_UEF2Xngbq0A,@miso_ara,MtiSCBbl5oo,강아지 두뇌대결!🐥｜미소아라티티의 꺼내먹기 챌린지,2025-06-10T10:00:37Z,False,50885,1409,93,4440000
2025-06-20 14:38,Pet,UCuKbAWuSG9F_UEF2Xngbq0A,@miso_ara,HqlLgQ9pmok,꽃미소 대변신🌸｜미소의 미용 데이💖,2025-06-03T09:38:45Z,False,36146,1429,107,4440000
2025-06-20 14:38,Pet,UCuKbAWuSG9F_UEF2Xngbq0A,@miso_ara,iEUypnw3flc,맛있게 양치하고 싶은 강아지 여기 붙어라!!,2025-05-29T09:14:49Z,True,103159,2830,74,4440000
2025-06-20 14:38,Pet,UCuKbAWuSG9F_UEF2Xngbq0A,@miso_ara,UchXoYpMWc8,응?? 이거 맞아??,2025-05-27T10:00:50Z,True,160391,2374,66,4440000
2025-06-20 14:38,Pet,UCuKbAWuSG9F_UEF2Xngbq0A,@miso_ara,dJy7j2FvFSI,천재아라의 첫 어질리티 도전🐻‍❄️,2025-05-26T03:01:11Z,True,59238,1364,58,4440000
2025-06-20 14:38,Pet,UCuKbAWuSG9F_UEF2Xngbq0A,@miso_ara,rUuQ8kgLNlg,어질리티 천재 아라🐩｜반려견과 보내는 호캉스 at KINOCK,2025-05-26T03:01:08Z,False,49327,1493,100,4440000
2025-06-20 14:38,Pet,UCuKbAWuSG9F_UEF2Xngbq0A,@miso_ara,wQs6cD4yY88,미소가 선택한 랜덤코디,2025-05-22T03:01:11Z,True,297664,6563,141,4440000
2025-06-20 14:38,Pet,UCuKbAWuSG9F_UEF2Xngbq0A,@miso_ara,5QEmfOy7zVA,미로찾기에 도전하는 강아지들,2025-05-18T09:27:20Z,True,120190,2819,61,4440000
2025-06-20 14:38,Pet,UCee1MvXr6E8qC_d2WEYTU5g,@Bodeumofficial,4t0eaoCqAy0,추위도 잘 버티고 털도 잘 빠짐,2025-06-16T09:24:28Z,False,50561,810,15,2130000
2025-06-20 14:38,Pet,UCee1MvXr6E8qC_d2WEYTU5g,@Bodeumofficial,coYPjqaG_OY,난이도는 묻지 마쇼,2025-06-16T09:22:16Z,False,51494,982,31,2130000
2025-06-20 14:38,Pet,UCee1MvXr6E8qC_d2WEYTU5g,@Bodeumofficial,XSMJZfFOvg4,떠돌이 개에서 최초로 우주로 간 개로,2025-06-16T09:18:44Z,True,31765,346,9,2130000
2025-06-20 14:38,Pet,UCee1MvXr6E8qC_d2WEYTU5g,@Bodeumofficial,'-TWWe33nK_I,인간보다 먼저 우주로 간 러시아 발바리 | 견종백과 라이카편,2025-06-14T03:00:00Z,False,189631,3645,189,2130000
2025-06-20 14:38,Pet,UCee1MvXr6E8qC_d2WEYTU5g,@Bodeumofficial,muPemAmkfkc,자신감 심어줬더니 종이컵 물고 튀는 에이미네 강아지 [퍼피교육],2025-06-07T03:01:01Z,False,151627,3483,201,2130000
2025-06-20 14:38,Pet,UCee1MvXr6E8qC_d2WEYTU5g,@Bodeumofficial,FX7gxiRQEzU,눈을 의심(negative),2025-06-04T12:02:19Z,False,207462,2633,27,2130000
2025-06-20 14:38,Pet,UCee1MvXr6E8qC_d2WEYTU5g,@Bodeumofficial,mdNDG0ltTVo,감동주의! 아기와 강아지가 있는 집,2025-06-04T11:58:09Z,True,73614,1053,20,2130000
2025-06-20 14:38,Pet,UCee1MvXr6E8qC_d2WEYTU5g,@Bodeumofficial,2X_39Fvge0c,아기와 강아지가 함께 잘 지내려면?,2025-06-04T11:55:32Z,False,456769,4418,90,2130000
2025-06-20 14:38,Pet,UCee1MvXr6E8qC_d2WEYTU5g,@Bodeumofficial,oBCuS-mhWkQ,강아지 주작단,2025-06-04T11:49:54Z,True,46321,704,14,2130000
2025-06-20 14:38,Pet,UCee1MvXr6E8qC_d2WEYTU5g,@Bodeumofficial,m03ppvsCfno,호두야 너나 지켜ㅠㅜ [안고독한 훈련사 EP.6],2025-05-31T03:00:53Z,False,410945,8891,504,2130000
2025-06-20 14:38,Pet,UC0zVOxvxiFlvelR59C_sUzQ,@oneroomcat,Q1R1C6_FlQw,아픈데 시골로 보내진 고양이,2025-06-18T07:15:05Z,True,70372,2858,192,151000
2025-06-20 14:38,Pet,UC0zVOxvxiFlvelR59C_sUzQ,@oneroomcat,ySzLeNcNv94,겁먹은 고양이를 위협하는 아저씨,2025-06-14T08:24:20Z,False,40320,3148,461,151000
2025-06-20 14:38,Pet,UC0zVOxvxiFlvelR59C_sUzQ,@oneroomcat,anapc56vomQ,송황칠복,2025-06-11T07:15:00Z,True,860795,24800,347,151000
2025-06-20 14:38,Pet,UC0zVOxvxiFlvelR59C_sUzQ,@oneroomcat,8LyFLbfiz6k,아프다고 시골로 보내진 고양이..,2025-06-07T11:29:59Z,False,55074,4047,711,151000
2025-06-20 14:38,Pet,UC0zVOxvxiFlvelR59C_sUzQ,@oneroomcat,C5dRTyAxteM,새끼 고양이 입양 보내는 길,2025-06-04T07:15:00Z,False,392174,12406,392,151000
2025-06-20 14:38,Pet,UC0zVOxvxiFlvelR59C_sUzQ,@oneroomcat,ovQsh6x9jJs,가족을 찾아 입양가게 된 계란이,2025-05-31T08:00:54Z,False,854405,35178,2359,151000
2025-06-20 14:38,Pet,UC0zVOxvxiFlvelR59C_sUzQ,@oneroomcat,VpK0j4_neMQ,어미 잃은 새끼 고양이,2025-05-28T07:15:05Z,True,7683835,119839,1712,151000
2025-06-20 14:38,Pet,UC0zVOxvxiFlvelR59C_sUzQ,@oneroomcat,kY0qjQBPyek,스스로 빠져나올 수 없던 고양이..,2025-05-23T10:20:11Z,False,71782,3545,146,151000
2025-06-20 14:38,Pet,UC0zVOxvxiFlvelR59C_sUzQ,@oneroomcat,FlsnhFYc-58,가슴 아픈 새끼 고양이..,2025-05-21T07:15:03Z,True,449791,9049,138,151000
2025-06-20 14:38,Pet,UC0zVOxvxiFlvelR59C_sUzQ,@oneroomcat,xWb4-hQsT4M,가슴 아픈 새끼 고양이.. (2부),2025-05-18T06:55:49Z,False,428056,14664,838,151000
2025-06-20 14:38,Pet,UC5AAf4_zZxk-mCl46TogZQQ,@meow_dad,4QGDx6CRz2c,야외 웨딩스냅 현실,2025-06-19T08:00:08Z,True,207572,3801,55,1040000
2025-06-20 14:38,Pet,UC5AAf4_zZxk-mCl46TogZQQ,@meow_dad,Fv6VBFwyv6U,핑크다라이에 목욕하는 핑크 배 고슴도치,2025-06-18T08:00:15Z,False,42427,1493,110,1040000
2025-06-20 14:38,Pet,UC5AAf4_zZxk-mCl46TogZQQ,@meow_dad,O_5_DFWwxBM,팬미팅 3명온 유튜버,2025-06-17T08:00:21Z,False,273378,5837,222,1040000
2025-06-20 14:38,Pet,UC5AAf4_zZxk-mCl46TogZQQ,@meow_dad,9Rim2Z1BadA,혈압주의 곰팡이 장판 집주인과 통화,2025-06-16T08:00:10Z,False,1417232,33668,857,1040000
2025-06-20 14:38,Pet,UC5AAf4_zZxk-mCl46TogZQQ,@meow_dad,I5dkFm2xjak,쇼윈도 예비부부,2025-06-15T08:00:18Z,True,226684,3027,97,1040000
2025-06-20 14:38,Pet,UC5AAf4_zZxk-mCl46TogZQQ,@meow_dad,Tz9SVv11MOg,모닝키스 거절하는 와이프,2025-06-14T03:00:27Z,False,434395,11896,138,1040000
2025-06-20 14:38,Pet,UC5AAf4_zZxk-mCl46TogZQQ,@meow_dad,Vu4wfUOEf_s,생고기 꾸역꾸역 먹는 미어캣,2025-06-13T08:00:38Z,False,127252,2786,41,1040000
2025-06-20 14:38,Pet,UC5AAf4_zZxk-mCl46TogZQQ,@meow_dad,NHMqNEuqXF8,키스할래?,2025-06-12T08:00:21Z,True,100694,1648,29,1040000
2025-06-20 14:38,Pet,UC5AAf4_zZxk-mCl46TogZQQ,@meow_dad,tmdA6IAeZR4,17시간만에 엄마를 본 미어캣의 반응,2025-06-11T08:00:54Z,False,148641,3134,218,1040000
2025-06-20 14:38,Pet,UC5AAf4_zZxk-mCl46TogZQQ,@meow_dad,_i6HoxUpuI4,차돌박이 육회 뺏어먹는 미어캣,2025-06-10T08:00:46Z,False,572377,10621,164,1040000
2025-06-20 14:38,Pet,UCVvPi6vztLioOiuEg5JYavw,@timon_sns,bffYZsYac-g,다다 입양 문의 #포캣멍센터 #리트리버 #유기견,2025-06-18T03:30:33Z,True,489028,10787,173,409000
2025-06-20 14:38,Pet,UCVvPi6vztLioOiuEg5JYavw,@timon_sns,oVgVUbl3xgs,"끊이지 않는 법적 문제 ""또 변호사 상담""",2025-06-17T09:01:14Z,False,35526,1655,96,409000
2025-06-20 14:38,Pet,UCVvPi6vztLioOiuEg5JYavw,@timon_sns,pPPthg7sy98,이강태 유전자의 힘 #포캣멍센터 #아기고양이 #고양이임보,2025-06-16T03:30:29Z,True,377679,9201,116,409000
2025-06-20 14:38,Pet,UCVvPi6vztLioOiuEg5JYavw,@timon_sns,RdCg3XDvNrA,다다야 잠시만 안녕 ㅠㅠ,2025-06-10T09:00:39Z,False,79405,3079,90,409000
2025-06-20 14:38,Pet,UCVvPi6vztLioOiuEg5JYavw,@timon_sns,BFmXA9pF1TA,[EP.5] 🔥”텐션 실화냐?” 고은아X미르 방가네 감당 불가 파워I 이강태ㅋㅋ,2025-06-08T05:00:10Z,False,100002,3799,82,409000
2025-06-20 14:38,Pet,UCVvPi6vztLioOiuEg5JYavw,@timon_sns,bYR6TsWWsaU,잘못을 바로잡기 위해 경찰서에 다녀왔습니다. (고양이 유기 조사종결),2025-06-03T09:00:51Z,False,202374,6733,521,409000
2025-06-20 14:38,Pet,UCVvPi6vztLioOiuEg5JYavw,@timon_sns,Hd1x731UdSs,다다야 잠시만 안녕.. #포캣멍센터 #유기견 #,2025-06-02T03:30:10Z,True,1236125,17653,206,409000
2025-06-20 14:38,Pet,UCVvPi6vztLioOiuEg5JYavw,@timon_sns,BnuYEPLsVA4,[EP.4] 결국 동물단체를 했더니… 변호사들이 찾아왔습니다🐶⚖️,2025-06-01T05:00:22Z,False,107620,5236,184,409000
2025-06-20 14:38,Pet,UCVvPi6vztLioOiuEg5JYavw,@timon_sns,WcznsWODtjM,아파트에서 대형견을 키운다는 건,2025-05-28T09:00:55Z,False,43265,2006,61,409000
2025-06-20 14:38,Pet,UCVvPi6vztLioOiuEg5JYavw,@timon_sns,DGKD0LLzMLM,산후우울증 찾아온 다다 힐링하러 왔습니다.,2025-05-27T09:00:17Z,False,63943,3423,109,409000
